{
    "usdt_balance": 85.01946071978642,
    "btc_balance": 0.00013920528492202756,
    "average_cost_price": 107779.2,
    "trailing_stop_price": 107652.34889500002
}